Spaghetti Bolognese,Spaghetti (12 oz),Tomato Sauce (8 oz),Ground Beef (1/2 lb),Onion (1/2 cup),Garlic (1 tsp)
Chocolate Cake,Flour (2 cups),Sugar (1 1/2 cups),Eggs (4),Chocolate (6 oz),Milk (1 cup)
Chicken Stir-Fry,Chicken Breast (1 lb),Bell Pepper (2),Broccoli (1 head),Carrot (2),Soy Sauce (1/4 cup)
Caesar Salad,Romaine Lettuce (1 head),Croutons (1 cup),Grated Parmesan (1/2 cup),Caesar Dressing (1/4 cup)
Beef Tacos,Ground Beef (1 lb),Taco Shells (12),Shredded Cheese (1 cup),Lettuce (1 head),Tomato (1)
Vegetable Soup,Carrot (2),Celery (2 stalks),Onion (1),Potato (2),Vegetable Broth (4 cups)
Pasta Primavera,Pasta (8 oz),Broccoli (1 head),Carrot (2),Zucchini (1),Alfredo Sauce (2 cups)
Apple Pie,Apple (4),Flour (2 cups),Sugar (3/4 cup),Butter (1/2 cup),Cinnamon (1 tsp)
Grilled Salmon,Salmon Fillet (1 lb),Lemon (1),Olive Oil (2 tbsp),Garlic (2 cloves),Dill (1 tbsp)
Banana Bread,Banana (3),Flour (2 cups),Sugar (1 cup),Eggs (2),Vanilla Extract (1 tsp)
Eggplant Parmesan,Eggplant (1),Flour (1/2 cup),Eggs (2),Marinara Sauce (2 cups),Mozzarella Cheese (1 cup)
Beef Stew,Beef Stew Meat (1 lb),Carrot (3),Potato (3),Onion (1),Beef Broth (4 cups)
Shrimp Scampi,Shrimp (1 lb),Linguine (8 oz),Parsley (1/4 cup),Garlic (4 cloves),Butter (1/2 cup)
Vegetable Stir-Fry,Bell Pepper (2),Broccoli (1 head),Snap Peas (1 cup),Carrot (2),Soy Sauce (1/4 cup)
Chicken Alfredo,Chicken Breast (1 lb),Fettuccine (8 oz),Heavy Cream (2 cups),Butter (1/2 cup),Parmesan Cheese (1/2 cup)
Tiramisu,Ladyfingers (24),Mascarpone Cheese (16 oz),Espresso (1 cup),Cocoa Powder (2 tbsp),Rum (1/4 cup)
Mushroom Risotto,Arborio Rice (2 cups),Mushroom (8 oz),Onion (1),Chicken Broth (4 cups),White Wine (1/2 cup)
Caprese Salad,Tomato (4),Mozzarella Cheese (8 oz),Basil (1/2 cup),Balsamic Glaze (2 tbsp),Olive Oil (2 tbsp)
Lemon Garlic Shrimp,Shrimp (1 lb),Lemon (1),Garlic (4 cloves),Butter (1/4 cup),Parsley (1/4 cup)
Spinach and Feta Stuffed Chicken,Chicken Breast (1 lb),Spinach (2 cups),Feta Cheese (1 cup),Garlic (2 cloves),Parsley (1/4 cup)